family,label,return_mode,trigger_mode,access_fidelity,repair_score,repair_gain,shared_overlap_after_damage,trigger_rate,damage_level,score_event,score_core
event_stale,Event stale fallback,stale,event,0.9997379939495332,0.7845692198035287,0.2825618239812129,0.8919792217136665,0.9645348837209302,0.4979926041776841,0.6931122561725555,0.5998777617611231
event_binary,Event binary fallback,binary,event,0.9997392037194106,0.7677272848375837,0.2699925396644022,0.7802627981125313,0.9768133174791914,0.5022652548268185,0.6666895720532368,0.5705137137595532
no_return,No return,none,none,0.9997389854861898,0.7398756122061515,0.23937364673529996,0.8698377412570784,0.0,0.4994980345291484,0.6611920165785428,0.5591691453754499
event_tribonacci,Event tribonacci fallback,tribonacci,event,0.9997387836815554,0.7438390140455171,0.24765369996949466,0.6550652831425393,0.98,0.5038146859239774,0.6328473141144713,0.5320488287796614
event_fibonacci,Event Fibonacci fallback,fibonacci,event,0.9997394286597723,0.7417789462398815,0.24349649008432853,0.6413967933307724,0.9696789536266349,0.501717543844447,0.6288289829408273,0.5274086408412939
event_random,Event random fallback,random,event,0.999738055217154,0.742391633873954,0.24326560121081098,0.6393702372605228,0.969768820391227,0.5008739673368569,0.6286698988516365,0.5272880113166821
event_soft_fibonacci,Event-soft Fibonacci fallback,fibonacci,event_soft,0.9997383992197804,0.7392050342270716,0.24234086390136292,0.6395562090984158,0.31138331965158256,0.5031358296742912,0.6273051323586024,0.5255120423274898
always_fibonacci,Always Fibonacci fallback,fibonacci,always,0.9997344891207067,0.7412815385547887,0.2427146193090612,0.6325469025199596,1.0,0.5014330807542725,0.6270918574890296,0.5255445754512733
